type,size,iterations,time_seconds,speedup
baseline,4096,10000,12.274158120,1.00
cuda,4096,10000,.555324572,22.10267425371553701030
