type,size,iterations,time_seconds,speedup
baseline,4096,10000,12.296272217,1.00
cuda,4096,10000,.489306484,25.13000056013972624977
