type,size,iterations,time_seconds,speedup
baseline,4096,10000,12.285391437,1.00
optimized,4096,10000,4.136390430,2.97007539421272667435
