type,size,iterations,time_seconds,speedup
baseline,4096,10000,12.259049953,1.00
optimized,4096,10000,4.138176964,2.96242767277653812776
