type,size,iterations,time_seconds,speedup
baseline,4096,10000,12.267392402,1.00
optimized,4096,10000,9.062819354,1.35359560009166657389
